{
	"ImportPath": "rest-and-go",
	"GoVersion": "go1.9",
	"GodepVersion": "v79",
	"Deps": [
		{
			"ImportPath": "github.com/dgrijalva/jwt-go",
			"Comment": "v3.1.0",
			"Rev": "dbeaa9332f19a944acb5736b4456cfcc02140e29"
		},
		{
			"ImportPath": "github.com/gorilla/context",
			"Comment": "v1.1-7-g08b5f42",
			"Rev": "08b5f424b9271eedf6f9f0ce86cb9396ed337a42"
		},
		{
			"ImportPath": "github.com/gorilla/handlers",
			"Comment": "v1.2.1-1-ga4d79d4",
			"Rev": "a4d79d4487c2430a17d9dc8a1f74d1a6ed6908ca"
		},
		{
			"ImportPath": "github.com/gorilla/mux",
			"Comment": "v1.5.0-6-g7625a85",
			"Rev": "7625a85c14e615274a4ee4bc8654f72310a563e4"
		},
		{
			"ImportPath": "gopkg.in/mgo.v2",
			"Comment": "r2016.08.01-5-g3f83fa5",
			"Rev": "3f83fa5005286a7fe593b055f0d7771a7dce4655"
		},
		{
			"ImportPath": "gopkg.in/mgo.v2/bson",
			"Comment": "r2016.08.01-5-g3f83fa5",
			"Rev": "3f83fa5005286a7fe593b055f0d7771a7dce4655"
		},
		{
			"ImportPath": "gopkg.in/mgo.v2/internal/json",
			"Comment": "r2016.08.01-5-g3f83fa5",
			"Rev": "3f83fa5005286a7fe593b055f0d7771a7dce4655"
		},
		{
			"ImportPath": "gopkg.in/mgo.v2/internal/sasl",
			"Comment": "r2016.08.01-5-g3f83fa5",
			"Rev": "3f83fa5005286a7fe593b055f0d7771a7dce4655"
		},
		{
			"ImportPath": "gopkg.in/mgo.v2/internal/scram",
			"Comment": "r2016.08.01-5-g3f83fa5",
			"Rev": "3f83fa5005286a7fe593b055f0d7771a7dce4655"
		}
	]
}
